<?xml version="1.0" encoding="UTF-8"?>
<deploy
 date="2017.12.30.10:48:31"
 outputDirectory="F:/anhalt/S3/hw_sw/audioprocessing/audiopll1843/">
 <perimeter>
  <parameter
     name="AUTO_GENERATION_ID"
     type="Integer"
     defaultValue="0"
     onHdl="0"
     affectsHdl="1" />
  <parameter
     name="AUTO_UNIQUE_ID"
     type="String"
     defaultValue=""
     onHdl="0"
     affectsHdl="1" />
  <parameter
     name="AUTO_DEVICE_FAMILY"
     type="String"
     defaultValue="Cyclone IV E"
     onHdl="0"
     affectsHdl="1" />
  <parameter
     name="AUTO_DEVICE"
     type="String"
     defaultValue="EP4CE115F29C7"
     onHdl="0"
     affectsHdl="1" />
  <parameter
     name="AUTO_DEVICE_SPEEDGRADE"
     type="String"
     defaultValue="7"
     onHdl="0"
     affectsHdl="1" />
  <parameter
     name="AUTO_CLK_50_CLOCK_RATE"
     type="Long"
     defaultValue="-1"
     onHdl="0"
     affectsHdl="1" />
  <parameter
     name="AUTO_CLK_50_CLOCK_DOMAIN"
     type="Integer"
     defaultValue="-1"
     onHdl="0"
     affectsHdl="1" />
  <parameter
     name="AUTO_CLK_50_RESET_DOMAIN"
     type="Integer"
     defaultValue="-1"
     onHdl="0"
     affectsHdl="1" />
  <interface name="audio_clk_18_43mhz" kind="clock" start="1">
   <property name="associatedDirectClock" value="" />
   <property name="clockRate" value="18432000" />
   <property name="clockRateKnown" value="true" />
   <property name="externallyDriven" value="false" />
   <property name="ptfSchematicName" value="" />
   <port name="audio_clk_18_43mhz_clk" direction="output" role="clk" width="1" />
  </interface>
  <interface name="clk_50" kind="clock" start="0">
   <property name="clockRate" value="50000000" />
   <property name="externallyDriven" value="false" />
   <property name="ptfSchematicName" value="" />
   <port name="clk_50_clk" direction="input" role="clk" width="1" />
  </interface>
  <interface name="reset" kind="reset" start="0">
   <property name="associatedClock" value="" />
   <property name="synchronousEdges" value="NONE" />
   <port name="reset_reset_n" direction="input" role="reset_n" width="1" />
  </interface>
 </perimeter>
 <entity
   path=""
   parameterizationKey="audiopll1843:1.0:AUTO_CLK_50_CLOCK_DOMAIN=-1,AUTO_CLK_50_CLOCK_RATE=-1,AUTO_CLK_50_RESET_DOMAIN=-1,AUTO_DEVICE=EP4CE115F29C7,AUTO_DEVICE_FAMILY=Cyclone IV E,AUTO_DEVICE_SPEEDGRADE=7,AUTO_GENERATION_ID=1514627310,AUTO_UNIQUE_ID=(altera_up_avalon_audio_pll:17.1:AUTO_DEVICE=EP4CE115F29C7,AUTO_DEVICE_SPEEDGRADE=7,audio_clk_freq=18.432,device_family=Cyclone IV E,gui_refclk=50.0,refclk=50.0(altera_up_altpll:17.1:DEVICE_FAMILY=Cyclone IV,OUTCLK0_DIV=217,OUTCLK0_MULT=80,OUTCLK1_DIV=1,OUTCLK1_MULT=1,OUTCLK2_DIV=1,OUTCLK2_MULT=1,PHASE_SHIFT=0,audio_clk_freq=18.432,gui_device_family=Cyclone IV E,type=Audio,video_in=5MP Digital Camera (THDB_D5M),video_out=4.3&quot; LCD (TRDB_LTM))(altera_up_avalon_reset_from_locked_signal:17.1:)(conduit:17.1:endPort=,endPortLSB=0,startPort=,startPortLSB=0,width=0))(clock_source:17.1:clockFrequency=50000000,clockFrequencyKnown=true,inputClockFrequency=0,resetSynchronousEdges=NONE)(clock:17.1:)(reset:17.1:)"
   instancePathKey="audiopll1843"
   kind="audiopll1843"
   version="1.0"
   name="audiopll1843">
  <parameter name="AUTO_CLK_50_CLOCK_RATE" value="-1" />
  <parameter name="AUTO_GENERATION_ID" value="1514627310" />
  <parameter name="AUTO_DEVICE" value="EP4CE115F29C7" />
  <parameter name="AUTO_DEVICE_FAMILY" value="Cyclone IV E" />
  <parameter name="AUTO_CLK_50_CLOCK_DOMAIN" value="-1" />
  <parameter name="AUTO_UNIQUE_ID" value="" />
  <parameter name="AUTO_DEVICE_SPEEDGRADE" value="7" />
  <parameter name="AUTO_CLK_50_RESET_DOMAIN" value="-1" />
  <generatedFiles>
   <file
       path="F:/anhalt/S3/hw_sw/audioprocessing/audiopll1843/synthesis/audiopll1843.vhd"
       type="VHDL" />
  </generatedFiles>
  <childGeneratedFiles>
   <file
       path="F:/anhalt/S3/hw_sw/audioprocessing/audiopll1843/synthesis/submodules/audiopll1843_audio_pll_0.v"
       type="VERILOG" />
   <file
       path="F:/anhalt/S3/hw_sw/audioprocessing/audiopll1843/synthesis/submodules/altera_up_altpll.v"
       type="VERILOG"
       attributes="TOP_LEVEL_FILE" />
   <file
       path="F:/anhalt/S3/hw_sw/audioprocessing/audiopll1843/synthesis/submodules/altera_up_avalon_reset_from_locked_signal.v"
       type="VERILOG"
       attributes="TOP_LEVEL_FILE" />
   <file
       path="F:/anhalt/S3/hw_sw/audioprocessing/audiopll1843/synthesis/submodules/altera_reset_controller.v"
       type="VERILOG"
       attributes="" />
   <file
       path="F:/anhalt/S3/hw_sw/audioprocessing/audiopll1843/synthesis/submodules/altera_reset_synchronizer.v"
       type="VERILOG"
       attributes="" />
   <file
       path="F:/anhalt/S3/hw_sw/audioprocessing/audiopll1843/synthesis/submodules/altera_reset_controller.sdc"
       type="SDC"
       attributes="" />
  </childGeneratedFiles>
  <sourceFiles>
   <file path="F:/anhalt/S3/hw_sw/audioprocessing/audiopll1843.qsys" />
  </sourceFiles>
  <childSourceFiles>
   <file
       path="C:/intelfpga_lite/17.1/ip/altera/university_program/clocks/altera_up_avalon_audio_pll/altera_up_avalon_audio_pll_hw.tcl" />
   <file
       path="C:/intelfpga_lite/17.1/ip/altera/university_program/clocks/altera_up_altpll/altera_up_altpll_hw.tcl" />
   <file
       path="C:/intelfpga_lite/17.1/ip/altera/university_program/clocks/altera_up_avalon_reset_from_locked_signal/altera_up_avalon_reset_from_locked_signal_hw.tcl" />
   <file
       path="C:/intelfpga_lite/17.1/ip/altera/merlin/altera_reset_controller/altera_reset_controller_hw.tcl" />
  </childSourceFiles>
  <messages>
   <message level="Debug" culprit="audiopll1843">queue size: 0 starting:audiopll1843 "audiopll1843"</message>
   <message level="Progress" culprit="min"></message>
   <message level="Progress" culprit="max"></message>
   <message level="Progress" culprit="current"></message>
   <message level="Debug">Transform: CustomInstructionTransform</message>
   <message level="Debug">No custom instruction connections, skipping transform </message>
   <message level="Debug" culprit="merlin_custom_instruction_transform"><![CDATA[After transform: <b>2</b> modules, <b>2</b> connections]]></message>
   <message level="Debug">Transform: MMTransform</message>
   <message level="Debug">Transform: InterruptMapperTransform</message>
   <message level="Debug">Transform: InterruptSyncTransform</message>
   <message level="Debug">Transform: InterruptFanoutTransform</message>
   <message level="Debug">Transform: AvalonStreamingTransform</message>
   <message level="Debug">Transform: ResetAdaptation</message>
   <message level="Progress" culprit="min"></message>
   <message level="Progress" culprit="max"></message>
   <message level="Progress" culprit="current"></message>
   <message level="Debug" culprit="reset_adaptation_transform"><![CDATA[After transform: <b>3</b> modules, <b>4</b> connections]]></message>
   <message level="Debug" culprit="audiopll1843"><![CDATA["<b>audiopll1843</b>" reuses <b>altera_up_avalon_audio_pll</b> "<b>submodules/audiopll1843_audio_pll_0</b>"]]></message>
   <message level="Debug" culprit="audiopll1843"><![CDATA["<b>audiopll1843</b>" reuses <b>altera_reset_controller</b> "<b>submodules/altera_reset_controller</b>"]]></message>
   <message level="Debug" culprit="audiopll1843">queue size: 1 starting:altera_up_avalon_audio_pll "submodules/audiopll1843_audio_pll_0"</message>
   <message level="Progress" culprit="min"></message>
   <message level="Progress" culprit="max"></message>
   <message level="Progress" culprit="current"></message>
   <message level="Debug">Transform: CustomInstructionTransform</message>
   <message level="Debug">No custom instruction connections, skipping transform </message>
   <message level="Debug" culprit="merlin_custom_instruction_transform"><![CDATA[After transform: <b>2</b> modules, <b>1</b> connections]]></message>
   <message level="Debug">Transform: MMTransform</message>
   <message level="Debug">Transform: InterruptMapperTransform</message>
   <message level="Debug">Transform: InterruptSyncTransform</message>
   <message level="Debug">Transform: InterruptFanoutTransform</message>
   <message level="Debug">Transform: AvalonStreamingTransform</message>
   <message level="Debug">Transform: ResetAdaptation</message>
   <message level="Debug" culprit="audio_pll_0"><![CDATA["<b>audio_pll_0</b>" reuses <b>altera_up_altpll</b> "<b>submodules/altera_up_altpll</b>"]]></message>
   <message level="Debug" culprit="audio_pll_0"><![CDATA["<b>audio_pll_0</b>" reuses <b>altera_up_avalon_reset_from_locked_signal</b> "<b>submodules/altera_up_avalon_reset_from_locked_signal</b>"]]></message>
   <message level="Info" culprit="audio_pll_0"><![CDATA["<b>audiopll1843</b>" instantiated <b>altera_up_avalon_audio_pll</b> "<b>audio_pll_0</b>"]]></message>
   <message level="Debug" culprit="audiopll1843">queue size: 1 starting:altera_up_altpll "submodules/altera_up_altpll"</message>
   <message level="Info" culprit="audio_pll"><![CDATA["<b>audio_pll_0</b>" instantiated <b>altera_up_altpll</b> "<b>audio_pll</b>"]]></message>
   <message level="Debug" culprit="audiopll1843">queue size: 0 starting:altera_up_avalon_reset_from_locked_signal "submodules/altera_up_avalon_reset_from_locked_signal"</message>
   <message level="Info" culprit="reset_from_locked"><![CDATA["<b>audio_pll_0</b>" instantiated <b>altera_up_avalon_reset_from_locked_signal</b> "<b>reset_from_locked</b>"]]></message>
   <message level="Debug" culprit="audiopll1843">queue size: 2 starting:altera_reset_controller "submodules/altera_reset_controller"</message>
   <message level="Info" culprit="rst_controller"><![CDATA["<b>audiopll1843</b>" instantiated <b>altera_reset_controller</b> "<b>rst_controller</b>"]]></message>
  </messages>
 </entity>
 <entity
   path="submodules/"
   parameterizationKey="altera_up_avalon_audio_pll:17.1:AUTO_DEVICE=EP4CE115F29C7,AUTO_DEVICE_SPEEDGRADE=7,audio_clk_freq=18.432,device_family=Cyclone IV E,gui_refclk=50.0,refclk=50.0(altera_up_altpll:17.1:DEVICE_FAMILY=Cyclone IV,OUTCLK0_DIV=217,OUTCLK0_MULT=80,OUTCLK1_DIV=1,OUTCLK1_MULT=1,OUTCLK2_DIV=1,OUTCLK2_MULT=1,PHASE_SHIFT=0,audio_clk_freq=18.432,gui_device_family=Cyclone IV E,type=Audio,video_in=5MP Digital Camera (THDB_D5M),video_out=4.3&quot; LCD (TRDB_LTM))(altera_up_avalon_reset_from_locked_signal:17.1:)(conduit:17.1:endPort=,endPortLSB=0,startPort=,startPortLSB=0,width=0)"
   instancePathKey="audiopll1843:.:audio_pll_0"
   kind="altera_up_avalon_audio_pll"
   version="17.1"
   name="audiopll1843_audio_pll_0">
  <parameter name="gui_refclk" value="50.0" />
  <parameter name="AUTO_DEVICE" value="EP4CE115F29C7" />
  <parameter name="refclk" value="50.0" />
  <parameter name="device_family" value="Cyclone IV E" />
  <parameter name="AUTO_DEVICE_SPEEDGRADE" value="7" />
  <parameter name="audio_clk_freq" value="18.432" />
  <generatedFiles>
   <file
       path="F:/anhalt/S3/hw_sw/audioprocessing/audiopll1843/synthesis/submodules/audiopll1843_audio_pll_0.v"
       type="VERILOG" />
  </generatedFiles>
  <childGeneratedFiles>
   <file
       path="F:/anhalt/S3/hw_sw/audioprocessing/audiopll1843/synthesis/submodules/altera_up_altpll.v"
       type="VERILOG"
       attributes="TOP_LEVEL_FILE" />
   <file
       path="F:/anhalt/S3/hw_sw/audioprocessing/audiopll1843/synthesis/submodules/altera_up_avalon_reset_from_locked_signal.v"
       type="VERILOG"
       attributes="TOP_LEVEL_FILE" />
  </childGeneratedFiles>
  <sourceFiles>
   <file
       path="C:/intelfpga_lite/17.1/ip/altera/university_program/clocks/altera_up_avalon_audio_pll/altera_up_avalon_audio_pll_hw.tcl" />
  </sourceFiles>
  <childSourceFiles>
   <file
       path="C:/intelfpga_lite/17.1/ip/altera/university_program/clocks/altera_up_altpll/altera_up_altpll_hw.tcl" />
   <file
       path="C:/intelfpga_lite/17.1/ip/altera/university_program/clocks/altera_up_avalon_reset_from_locked_signal/altera_up_avalon_reset_from_locked_signal_hw.tcl" />
  </childSourceFiles>
  <instantiator instantiator="audiopll1843" as="audio_pll_0" />
  <messages>
   <message level="Debug" culprit="audiopll1843">queue size: 1 starting:altera_up_avalon_audio_pll "submodules/audiopll1843_audio_pll_0"</message>
   <message level="Progress" culprit="min"></message>
   <message level="Progress" culprit="max"></message>
   <message level="Progress" culprit="current"></message>
   <message level="Debug">Transform: CustomInstructionTransform</message>
   <message level="Debug">No custom instruction connections, skipping transform </message>
   <message level="Debug" culprit="merlin_custom_instruction_transform"><![CDATA[After transform: <b>2</b> modules, <b>1</b> connections]]></message>
   <message level="Debug">Transform: MMTransform</message>
   <message level="Debug">Transform: InterruptMapperTransform</message>
   <message level="Debug">Transform: InterruptSyncTransform</message>
   <message level="Debug">Transform: InterruptFanoutTransform</message>
   <message level="Debug">Transform: AvalonStreamingTransform</message>
   <message level="Debug">Transform: ResetAdaptation</message>
   <message level="Debug" culprit="audio_pll_0"><![CDATA["<b>audio_pll_0</b>" reuses <b>altera_up_altpll</b> "<b>submodules/altera_up_altpll</b>"]]></message>
   <message level="Debug" culprit="audio_pll_0"><![CDATA["<b>audio_pll_0</b>" reuses <b>altera_up_avalon_reset_from_locked_signal</b> "<b>submodules/altera_up_avalon_reset_from_locked_signal</b>"]]></message>
   <message level="Info" culprit="audio_pll_0"><![CDATA["<b>audiopll1843</b>" instantiated <b>altera_up_avalon_audio_pll</b> "<b>audio_pll_0</b>"]]></message>
   <message level="Debug" culprit="audiopll1843">queue size: 1 starting:altera_up_altpll "submodules/altera_up_altpll"</message>
   <message level="Info" culprit="audio_pll"><![CDATA["<b>audio_pll_0</b>" instantiated <b>altera_up_altpll</b> "<b>audio_pll</b>"]]></message>
   <message level="Debug" culprit="audiopll1843">queue size: 0 starting:altera_up_avalon_reset_from_locked_signal "submodules/altera_up_avalon_reset_from_locked_signal"</message>
   <message level="Info" culprit="reset_from_locked"><![CDATA["<b>audio_pll_0</b>" instantiated <b>altera_up_avalon_reset_from_locked_signal</b> "<b>reset_from_locked</b>"]]></message>
  </messages>
 </entity>
 <entity
   path="submodules/"
   parameterizationKey="altera_reset_controller:17.1:ADAPT_RESET_REQUEST=0,MIN_RST_ASSERTION_TIME=3,NUM_RESET_INPUTS=1,OUTPUT_RESET_SYNC_EDGES=deassert,RESET_REQUEST_PRESENT=0,RESET_REQ_EARLY_DSRT_TIME=1,RESET_REQ_WAIT_TIME=1,SYNC_DEPTH=2,USE_RESET_REQUEST_IN0=0,USE_RESET_REQUEST_IN1=0,USE_RESET_REQUEST_IN10=0,USE_RESET_REQUEST_IN11=0,USE_RESET_REQUEST_IN12=0,USE_RESET_REQUEST_IN13=0,USE_RESET_REQUEST_IN14=0,USE_RESET_REQUEST_IN15=0,USE_RESET_REQUEST_IN2=0,USE_RESET_REQUEST_IN3=0,USE_RESET_REQUEST_IN4=0,USE_RESET_REQUEST_IN5=0,USE_RESET_REQUEST_IN6=0,USE_RESET_REQUEST_IN7=0,USE_RESET_REQUEST_IN8=0,USE_RESET_REQUEST_IN9=0,USE_RESET_REQUEST_INPUT=0"
   instancePathKey="audiopll1843:.:rst_controller"
   kind="altera_reset_controller"
   version="17.1"
   name="altera_reset_controller">
  <generatedFiles>
   <file
       path="F:/anhalt/S3/hw_sw/audioprocessing/audiopll1843/synthesis/submodules/altera_reset_controller.v"
       type="VERILOG"
       attributes="" />
   <file
       path="F:/anhalt/S3/hw_sw/audioprocessing/audiopll1843/synthesis/submodules/altera_reset_synchronizer.v"
       type="VERILOG"
       attributes="" />
   <file
       path="F:/anhalt/S3/hw_sw/audioprocessing/audiopll1843/synthesis/submodules/altera_reset_controller.sdc"
       type="SDC"
       attributes="" />
  </generatedFiles>
  <childGeneratedFiles/>
  <sourceFiles>
   <file
       path="C:/intelfpga_lite/17.1/ip/altera/merlin/altera_reset_controller/altera_reset_controller_hw.tcl" />
  </sourceFiles>
  <childSourceFiles/>
  <instantiator instantiator="audiopll1843" as="rst_controller" />
  <messages>
   <message level="Debug" culprit="audiopll1843">queue size: 2 starting:altera_reset_controller "submodules/altera_reset_controller"</message>
   <message level="Info" culprit="rst_controller"><![CDATA["<b>audiopll1843</b>" instantiated <b>altera_reset_controller</b> "<b>rst_controller</b>"]]></message>
  </messages>
 </entity>
 <entity
   path="submodules/"
   parameterizationKey="altera_up_altpll:17.1:DEVICE_FAMILY=Cyclone IV,OUTCLK0_DIV=217,OUTCLK0_MULT=80,OUTCLK1_DIV=1,OUTCLK1_MULT=1,OUTCLK2_DIV=1,OUTCLK2_MULT=1,PHASE_SHIFT=0,audio_clk_freq=18.432,gui_device_family=Cyclone IV E,type=Audio,video_in=5MP Digital Camera (THDB_D5M),video_out=4.3&quot; LCD (TRDB_LTM)"
   instancePathKey="audiopll1843:.:audio_pll_0:.:audio_pll"
   kind="altera_up_altpll"
   version="17.1"
   name="altera_up_altpll">
  <parameter name="OUTCLK0_DIV" value="217" />
  <parameter name="OUTCLK2_MULT" value="1" />
  <parameter name="PHASE_SHIFT" value="0" />
  <parameter name="OUTCLK1_DIV" value="1" />
  <parameter name="OUTCLK0_MULT" value="80" />
  <parameter name="DEVICE_FAMILY" value="Cyclone IV" />
  <parameter name="video_in" value="5MP Digital Camera (THDB_D5M)" />
  <parameter name="gui_device_family" value="Cyclone IV E" />
  <parameter name="OUTCLK2_DIV" value="1" />
  <parameter name="OUTCLK1_MULT" value="1" />
  <generatedFiles>
   <file
       path="F:/anhalt/S3/hw_sw/audioprocessing/audiopll1843/synthesis/submodules/altera_up_altpll.v"
       type="VERILOG"
       attributes="TOP_LEVEL_FILE" />
  </generatedFiles>
  <childGeneratedFiles/>
  <sourceFiles>
   <file
       path="C:/intelfpga_lite/17.1/ip/altera/university_program/clocks/altera_up_altpll/altera_up_altpll_hw.tcl" />
  </sourceFiles>
  <childSourceFiles/>
  <instantiator instantiator="audiopll1843_audio_pll_0" as="audio_pll" />
  <messages>
   <message level="Debug" culprit="audiopll1843">queue size: 1 starting:altera_up_altpll "submodules/altera_up_altpll"</message>
   <message level="Info" culprit="audio_pll"><![CDATA["<b>audio_pll_0</b>" instantiated <b>altera_up_altpll</b> "<b>audio_pll</b>"]]></message>
  </messages>
 </entity>
 <entity
   path="submodules/"
   parameterizationKey="altera_up_avalon_reset_from_locked_signal:17.1:"
   instancePathKey="audiopll1843:.:audio_pll_0:.:reset_from_locked"
   kind="altera_up_avalon_reset_from_locked_signal"
   version="17.1"
   name="altera_up_avalon_reset_from_locked_signal">
  <generatedFiles>
   <file
       path="F:/anhalt/S3/hw_sw/audioprocessing/audiopll1843/synthesis/submodules/altera_up_avalon_reset_from_locked_signal.v"
       type="VERILOG"
       attributes="TOP_LEVEL_FILE" />
  </generatedFiles>
  <childGeneratedFiles/>
  <sourceFiles>
   <file
       path="C:/intelfpga_lite/17.1/ip/altera/university_program/clocks/altera_up_avalon_reset_from_locked_signal/altera_up_avalon_reset_from_locked_signal_hw.tcl" />
  </sourceFiles>
  <childSourceFiles/>
  <instantiator instantiator="audiopll1843_audio_pll_0" as="reset_from_locked" />
  <messages>
   <message level="Debug" culprit="audiopll1843">queue size: 0 starting:altera_up_avalon_reset_from_locked_signal "submodules/altera_up_avalon_reset_from_locked_signal"</message>
   <message level="Info" culprit="reset_from_locked"><![CDATA["<b>audio_pll_0</b>" instantiated <b>altera_up_avalon_reset_from_locked_signal</b> "<b>reset_from_locked</b>"]]></message>
  </messages>
 </entity>
</deploy>
